key,layers,cnot,shots,dev_nll,dev_mc_sd,gate_shots,visited,pareto
L1_CNOT0,1,0,64,1.3933889087390945,0.011753408882479208,192,True,True
L1_CNOT0,1,0,128,1.3689158712054088,0.006280366937316596,384,True,True
L1_CNOT0,1,0,256,1.3575269075283192,0.004031961922853197,768,True,True
L1_CNOT0,1,0,512,1.3504243366794217,0.0024306234995214084,1536,True,False
L1_CNOT0,1,0,1024,1.3458981028742936,0.0022240675374239124,3072,True,False
L1_CNOT1,1,1,64,1.8865060453419589,0.018927911116347215,384,True,False
L1_CNOT1,1,1,128,1.8629917006887244,0.01273019100225968,768,True,False
L1_CNOT1,1,1,256,1.85538009848265,0.00688324041156979,1536,True,False
L1_CNOT1,1,1,512,1.8478561223012382,0.005365097469853959,3072,True,False
L1_CNOT1,1,1,1024,1.8446448078761235,0.005752083158021491,6144,True,False
L2_CNOT0,2,0,64,1.5819587281336265,0.012462536321791408,384,False,False
L2_CNOT0,2,0,128,1.5612573592148093,0.008240803926433971,768,True,False
L2_CNOT0,2,0,256,1.5475681569790738,0.005211921985314279,1536,False,False
L2_CNOT0,2,0,512,1.5434738859079693,0.0035477167064765064,3072,True,False
L2_CNOT0,2,0,1024,1.5384884652788569,0.003921431376938432,6144,False,False
L2_CNOT1,2,1,64,1.4496727595986096,0.01326921062752016,768,True,False
L2_CNOT1,2,1,128,1.4358754994908267,0.010953566803552668,1536,False,False
L2_CNOT1,2,1,256,1.4200269372215408,0.004809760475216135,3072,False,False
L2_CNOT1,2,1,512,1.4126086656003656,0.0037723402236803753,6144,False,False
L2_CNOT1,2,1,1024,1.409815047979513,0.002384623202663343,12288,False,False
L3_CNOT0,3,0,64,1.9382032673155054,0.015643282131786816,576,True,False
L3_CNOT0,3,0,128,1.9182285144935964,0.020653249641313525,1152,False,False
L3_CNOT0,3,0,256,1.898285890160131,0.009391287171019044,2304,True,False
L3_CNOT0,3,0,512,1.8964226837298874,0.006364834769467904,4608,True,False
L3_CNOT0,3,0,1024,1.8945238348516635,0.0051005007931599275,9216,True,False
L3_CNOT1,3,1,64,1.3202562182725297,0.007416473919056298,1152,True,True
L3_CNOT1,3,1,128,1.292953106658969,0.009607966044386315,2304,False,True
L3_CNOT1,3,1,256,1.2824381088256342,0.008230190740608836,4608,True,True
L3_CNOT1,3,1,512,1.2757191560233174,0.0022024297109591137,9216,True,True
L3_CNOT1,3,1,1024,1.273487379240121,0.003341509733787493,18432,True,True
