subject,eeg_lr_auc,cli_auc
P01,0.8974145308769875,0.5140252691320211
P02,0.9051844511508491,0.45258659519841454
P03,0.8233300301788208,0.5716859600918879
P04,0.9367596054231792,0.42594928156389356
P05,0.6037565875411017,0.41138912661591814
P06,0.903416512769695,0.5033557046979865
P07,0.7691094995720914,0.3965474528174406
P08,0.8148281608936535,0.6095671366154678
P09,0.857461375613711,0.5486295662357551
P10,0.8571235529931084,0.616413675059682
P11,0.7865749290572497,0.5238896896536193
P12,0.7797396513670556,0.5185802441331472
P13,0.778028016756002,0.6087000585559209
P14,0.3042205306067294,0.6406017746948335
P15,0.6504098914463312,0.7302824197108237
